{
    "name": "Nexus Signals Token List",
    "logoURI": "https://raw.githubusercontent.com/nexussignals/nexus-signals-tokenlist/main/assets/polygon/0x9B9b8f7636783F605B14c1bf6DCd121B944b6715/logo.png",
    "keywords": [
        "nexus",
        "signals",
        "defi"
    ],
    "timestamp": "2025-10-15T20:00:00+00:00",
    "tokens": [
        {
            "chainId": 137,
            "address": "0x9B9b8f7636783F605B14c1bf6DCd121B944b6715",
            "name": "Nexus Signals",
            "symbol": "NESI",
            "decimals": 18,
            "logoURI": "https://raw.githubusercontent.com/nexussignals/nexus-signals-tokenlist/main/assets/polygon/0x9B9b8f7636783F605B14c1bf6DCd121B944b6715/logo.png"
        }
    ],
    "version": {
        "major": 1,
        "minor": 0,
        "patch": 0
    }
}